County,Percent of Adults Without a High School Education,Percent of Residents Aged 65 and Older,Percent of Residents Below the Poverty Line,Percent of Residents Who Are Food Insecure,Percent of Residents Who Are Non-White,Percent of Residents Who Are Uninsured,Percent of Residents Whose Primary Language Is Not English,Percent of Residents With a Disability,"Percent of Workforce (Age 16+) Who Are Unemployed, 2018-2022",Overall Cancer Incidence,Cancer Incidence Among Female Residents,Cancer Incidence Among Male Residents,Cancer Incidence Among Adolescent and Young Adult Residents (Ages 15-39),Cancer Incidence Among Black (Non-Hispanic) Residents,Cancer Incidence Among White (Non-Hispanic) Residents,Liver Cancer Incidence,Melanoma Incidence,Oral Cancer Incidence,Ovarian Cancer Incidence,Pancreatic Cancer Incidence,Uterine Cancer Incidence,Overall Cancer Mortality,Cancer Mortality Among Female Residents,Cancer Mortality Among Male Residents,Cancer Mortality Among Adolescent and Young Adult Residents (Ages 15-39),Cancer Mortality Among Black (Non-Hispanic) Residents,Cancer Mortality Among White (Non-Hispanic) Residents,Liver Cancer Mortality,Melanoma Mortality,Oral Cancer Mortality,Ovarian Cancer Mortality,Pancreatic Cancer Mortality,Uterine Cancer Mortality
Alcona,0.1015581213,0.361,0.1583728278,0.149,0.0620238328,0.043,0.018700091,0.23,0.063,445.851427011956,420.044736440643,473.547605144396,Suppressed,,,Suppressed,18.7606364453581,Suppressed,Suppressed,Suppressed,Suppressed,180.622592433288,156.898439773173,208.740228915531,0,,,Suppressed,Suppressed,Suppressed,Suppressed,Suppressed,Suppressed
Alger,0.0832530618,0.25,0.1025083184,0.134,0.1804646966,0.035,0.0209356725,0.183,0.051,371.092128897961,304.869685523001,440.64051938543,Suppressed,,,Suppressed,Suppressed,Suppressed,0,Suppressed,Suppressed,144.268598163167,131.01692788583,164.437403618494,0,,,Suppressed,Suppressed,0,Suppressed,Suppressed,0
Allegan,0.0914814815,0.174,0.0951143189,0.087,0.1380908403,0.051,0.0656870455,0.106,0.034,417.045093647193,404.753387024778,438.038542903337,71.0192319963785,,,6.20562675330023,24.6303928831342,11.3246623251157,7.45820419161979,11.8974372315545,29.3081808811682,166.616850897261,144.608998944609,194.198551623425,Suppressed,,,3.86947472557368,3.21243587508653,3.45249622633611,5.39859305824813,10.93366238254,Suppressed
Alpena,0.0848415328,0.24,0.1650926774,0.14,0.0575213587,0.055,0.0288998477,0.199,0.074,483.590692266438,465.069885410152,516.710280905869,83.7590569307852,,,8.61815990376685,20.6290784630393,18.6645264924234,Suppressed,13.2921132663575,28.4267926466658,182.065644350152,167.594032907809,202.233660720223,Suppressed,,,Suppressed,Suppressed,Suppressed,Suppressed,10.8824530429278,Suppressed
Antrim,0.0690465247,0.279,0.0938019878,0.115,0.067069563,0.056,0.0210706902,0.155,0.046,417.283141396423,337.784099530976,508.484651240704,Suppressed,,,Suppressed,40.190780816654,11.3304004175816,Suppressed,12.681108868934,28.360872351442,140.323180926738,115.456809957098,171.345024483849,Suppressed,,,Suppressed,Suppressed,Suppressed,Suppressed,14.7817210471418,Suppressed
Arenac,0.1154472869,0.256,0.1355852528,0.144,0.0655312354,0.057,0.0162941299,0.195,0.072,442.972031217866,389.385277921064,496.775982477072,Suppressed,,,Suppressed,27.2764057274104,Suppressed,Suppressed,Suppressed,Suppressed,165.813399172195,147.277496192336,183.663258723062,Suppressed,,,Suppressed,Suppressed,Suppressed,Suppressed,Suppressed,Suppressed
Baraga,0.0983918129,0.229,0.1217379234,0.138,0.278835658,0.047,0.0250632911,0.197,0.049,339.990093481994,277.112886030909,410.11005494095,Suppressed,,,Suppressed,Suppressed,Suppressed,0,Suppressed,Suppressed,181.581278481562,147.019422513177,225.937675518165,0,,,Suppressed,Suppressed,0,Suppressed,Suppressed,0
Barry,0.0740877107,0.188,0.0833979453,0.093,0.0742397852,0.049,0.0349867513,0.136,0.053,425.018815808729,391.109771292445,470.352216551746,86.3440978346413,,,5.86197681019684,24.2834244899694,10.2077330343195,Suppressed,11.2055298971003,33.9419910718372,156.36134670148,135.181899105177,185.868594413207,Suppressed,,,Suppressed,Suppressed,Suppressed,Suppressed,13.2318460518555,Suppressed
Bay,0.0956600144,0.208,0.1528473472,0.131,0.1107255764,0.052,0.020242833,0.158,0.048,489.820071201491,466.215892344432,529.999339083114,82.0436404706923,,,8.37318821622546,25.6243308262897,13.6140828045382,9.24658688366538,14.3332419446884,34.0002159999967,174.609885233744,151.827306918035,207.370361991236,Suppressed,,,5.24107086580063,3.02481219317473,Suppressed,6.34415555982687,12.1220046490297,Suppressed
Benzie,0.0728818097,0.27,0.1044541681,0.109,0.0763096688,0.067,0.0292908828,0.156,0.045,463.916848701609,390.685729808784,542.404646489965,Suppressed,,,Suppressed,26.0479698900653,16.7369613051385,Suppressed,13.2814511350895,31.6608042366451,145.677992997807,117.408309483755,178.168355213095,Suppressed,,,Suppressed,Suppressed,Suppressed,0,11.5348239005223,Suppressed
Berrien,0.091261268,0.204,0.1571392663,0.122,0.2628136003,0.063,0.0692703432,0.138,0.066,443.41655220272,424.72911409281,472.109077430102,74.6294753780567,481.871903421395,444.923969235354,5.87963772036153,16.1344086559937,11.8401986370207,9.30891588667861,12.7336089756502,29.6662840418065,160.1013883899,143.095336249932,183.814877243494,Suppressed,189.122578879919,159.156681001854,5.15211088185784,Suppressed,2.15899099192325,7.02885028247858,10.53650726303,4.8110658140083
Branch,0.1213064216,0.188,0.150160493,0.115,0.1111061502,0.107,0.1129392743,0.147,0.049,408.42732001939,394.968463209863,434.729144189597,66.9348383915141,,,7.53578258426012,10.3570140722429,8.85718035930202,Suppressed,10.5395508126194,34.8065670781503,173.743638296809,139.411637908314,214.408431192446,Suppressed,,,Suppressed,Suppressed,Suppressed,Suppressed,10.969588843208,Suppressed
Calhoun,0.0948849996,0.18,0.1483479434,0.13,0.2370327809,0.058,0.0686542561,0.143,0.068,459.001832036747,437.930419078629,492.914687290429,73.6932852757048,478.598777184685,459.498579697579,8.38217556756811,15.9423693757077,11.2725487343128,8.99619638791605,13.2600545358918,31.2067040702099,178.144474810602,149.638447903349,217.825835441183,Suppressed,190.160014148547,180.431189963225,3.92331198446123,2.50030469441348,3.69981247604485,6.67720356802567,13.7091758791836,Suppressed
Cass,0.1104509594,0.215,0.1285672372,0.112,0.1531857996,0.057,0.039161835,0.163,0.05,421.673232630266,383.984996544729,465.614516093713,60.2637049674352,,,7.24037740332768,17.288998964909,13.0415717265626,Suppressed,16.9077543245333,30.9762528467022,177.907302697648,151.528807612334,208.340050816825,Suppressed,,,Suppressed,Suppressed,Suppressed,Suppressed,15.8231319324291,Suppressed
Charlevoix,0.0614379085,0.254,0.0863404058,0.107,0.0737372966,0.072,0.0286534093,0.142,0.038,384.805636122724,373.801918308265,401.216408283501,78.4822271367686,,,Suppressed,23.2604022843697,Suppressed,Suppressed,12.7537822699692,19.8988256627972,156.781465455189,142.612226877462,175.366397579715,Suppressed,,,Suppressed,Suppressed,Suppressed,Suppressed,17.0875674839627,Suppressed
Cheboygan,0.1070439439,0.282,0.1191909653,0.137,0.0973589016,0.06,0.0375571654,0.191,0.072,413.169925199427,384.631054479937,447.430919977303,71.9098661867079,,,Suppressed,19.5423183134219,15.8149223308332,Suppressed,16.1377450648005,36.0733527581704,165.458162806345,140.456855537373,191.636674361873,Suppressed,,,Suppressed,Suppressed,Suppressed,Suppressed,13.0416280439193,Suppressed
Chippewa,0.0830399256,0.188,0.1646741927,0.147,0.3235069539,0.069,0.0447582028,0.18,0.077,431.718852744625,401.581601271726,476.570987980364,64.7329126409218,,,Suppressed,17.0187597195979,14.1949190677926,Suppressed,11.3527060462512,27.5611832878216,178.886363387637,159.710131198951,202.065629388503,Suppressed,,,Suppressed,Suppressed,Suppressed,Suppressed,10.0544223180636,Suppressed
Clare,0.1420879209,0.244,0.2212809106,0.183,0.0616168785,0.117,0.0500932045,0.233,0.093,485.13963663809,467.048716583038,508.340991217261,97.2280730043673,,,8.36439804269614,13.6057084217673,13.4892802766965,Suppressed,17.2648968834501,28.4604039913502,210.980611701245,172.78431931914,254.031847209835,Suppressed,,,8.78246878808131,Suppressed,Suppressed,Suppressed,16.8745799861191,Suppressed
Clinton,0.0543208284,0.178,0.095543108,0.087,0.1147269997,0.04,0.040747549,0.129,0.037,432.259355236434,399.526529455935,473.476418587009,85.3600617553431,,,6.26508032977901,22.8439283163188,10.2121625045664,8.25676052775612,10.9628058739935,24.0304944465925,147.41048561667,122.168212153245,180.437096796767,Suppressed,,,Suppressed,Suppressed,Suppressed,Suppressed,11.3552863108845,Suppressed
Crawford,0.091393405,0.259,0.1383183322,0.146,0.0750170493,0.055,0.0179915986,0.22,0.061,446.897154344126,425.04449859469,467.92252194143,Suppressed,,,Suppressed,Suppressed,Suppressed,Suppressed,Suppressed,Suppressed,180.708189607908,135.184095110129,228.272816009502,Suppressed,,,Suppressed,Suppressed,Suppressed,Suppressed,Suppressed,Suppressed
Delta,0.0861842327,0.249,0.1324872396,0.131,0.0910448166,0.053,0.0123154114,0.177,0.052,436.521988411416,389.118386598685,494.678240293646,60.8240253471024,,,Suppressed,19.5629332407918,10.790044598292,Suppressed,13.115468421129,24.9779147149848,171.592619290826,142.345591529085,209.029624014652,Suppressed,,,Suppressed,Suppressed,Suppressed,Suppressed,14.5037896265127,Suppressed
Dickinson,0.0475069651,0.231,0.0970269106,0.108,0.0650036627,0.049,0.0208814824,0.167,0.038,376.210868366121,361.63535923648,397.11910640183,83.4089526479334,,,Suppressed,Suppressed,12.322560328773,Suppressed,12.8210262457998,22.8328345307434,143.240556144173,110.497812211774,183.831679965052,Suppressed,,,Suppressed,Suppressed,Suppressed,Suppressed,12.2475454465268,Suppressed
Eaton,0.0631980984,0.192,0.0760870579,0.102,0.1848778788,0.044,0.0648929894,0.158,0.048,447.037755355728,411.242595591036,493.163343725737,68.2257400644334,,,6.24331263501968,21.9049966094984,12.5988421168883,10.4552152833219,12.9136795756941,22.420927921733,163.064080001807,144.485825495075,187.363933656486,Suppressed,,,4.7687999316834,Suppressed,Suppressed,6.04796597742818,13.7358391775523,Suppressed
Emmet,0.0525728679,0.232,0.0836899667,0.105,0.1069793379,0.062,0.0329369834,0.128,0.038,415.910030170504,411.79181161782,428.01926291402,78.2933077351796,,,Suppressed,27.9441851213947,14.1352079237839,Suppressed,15.2407077539417,24.8213099896614,152.627279869091,144.617594885944,164.432650667795,Suppressed,,,Suppressed,Suppressed,Suppressed,Suppressed,10.6688118269267,Suppressed
Genesee,0.0999384154,0.18,0.1624978144,0.139,0.2883784051,0.048,0.0372415417,0.177,0.085,412.741120430672,385.567306950038,450.447851221894,66.5073081487912,363.867361010638,411.480220503993,5.82365434291792,17.2821715938122,12.0838971124809,8.81783843276993,13.6691891603212,26.220476647732,170.665781825595,150.657808061862,198.431130041767,12.2149995988952,187.685058014326,169.602066628015,2.92108530414906,1.96622946826828,2.9998255181838,7.07028042844762,13.3316660413349,2.12344013352176
Gladwin,0.1143797174,0.268,0.1419775156,0.143,0.0573033267,0.086,0.0377780539,0.201,0.069,479.700533296427,438.632439323105,528.422456309713,87.0506655779072,,,Suppressed,18.5407077925274,12.0287402942635,Suppressed,10.6692532637826,24.0076945591743,196.735697165156,163.5196611126,235.215388080083,Suppressed,,,Suppressed,Suppressed,Suppressed,Suppressed,14.1785436050035,Suppressed
Gogebic,0.0474356874,0.277,0.1410374354,0.126,0.0919366993,0.051,0.0198873761,0.168,0.06,331.286378696051,340.618154522274,337.658082384906,Suppressed,,,Suppressed,Suppressed,Suppressed,Suppressed,Suppressed,Suppressed,144.053356446199,118.880796733202,176.783087370549,Suppressed,,,Suppressed,Suppressed,Suppressed,Suppressed,Suppressed,Suppressed
Grand Traverse,0.0609853285,0.207,0.1040393501,0.107,0.0818549022,0.051,0.0285131485,0.124,0.039,468.379049119811,438.704672181642,513.363535819662,88.5908201265948,,,5.08358031162361,40.0700462227616,13.9932976429323,10.9762012332921,12.8062013093387,25.0237645646287,140.108802058748,119.773963217133,169.690099718107,Suppressed,,,3.74152787686275,Suppressed,Suppressed,6.00352609248768,10.4414927523326,Suppressed
Gratiot,0.0888484595,0.175,0.1411774657,0.127,0.1534405547,0.051,0.0397076304,0.157,0.049,465.671332600438,464.821000837843,482.38877989572,85.1607034233872,,,Suppressed,22.6300937426234,12.7830963421144,Suppressed,13.9019861822043,31.1001645995745,176.162530529299,165.742808212291,194.157045651745,Suppressed,,,Suppressed,Suppressed,Suppressed,Suppressed,13.9760848268925,Suppressed
Hillsdale,0.1046242935,0.204,0.1515295825,0.128,0.0653201453,0.07,0.0419928661,0.152,0.044,425.357128927434,406.501420561789,453.151548886953,64.0442788180572,,,6.29730702527463,21.4684494899949,11.747664938218,13.349293375782,12.0411358226458,30.0718657544169,190.581492118172,157.528692659464,236.484362636487,Suppressed,,,Suppressed,Suppressed,Suppressed,Suppressed,13.3116574773873,Suppressed
Houghton,0.0615579144,0.174,0.1727321143,0.12,0.0891377559,0.063,0.0737921348,0.114,0.062,311.921982396762,275.272121865765,356.365352123772,39.2103240432056,,,Suppressed,14.7400214476201,12.2442374637065,Suppressed,7.98167932789403,20.6746663728758,170.226540617185,140.345639642114,209.617832006308,Suppressed,,,Suppressed,Suppressed,Suppressed,Suppressed,11.4033526946457,Suppressed
Huron,0.0890836215,0.261,0.1126121779,0.118,0.0561012047,0.061,0.0370926315,0.159,0.053,443.792816423623,453.237467151889,438.105564610496,104.396427984784,,,6.84489401515584,19.7957069034448,10.096534260238,Suppressed,13.9387415274583,32.0859235896695,159.214700932683,145.18470885316,178.930488004937,Suppressed,,,Suppressed,Suppressed,Suppressed,Suppressed,11.7559631617019,Suppressed
Ingham,0.0617121421,0.142,0.1653636302,0.124,0.3189743045,0.05,0.1306685813,0.136,0.064,430.284114512915,415.250884698803,455.501238840132,73.7497513878389,419.964330073454,426.501499921257,6.70028964172151,16.4575613580607,10.2622318042963,9.56116708925362,13.4819307449868,28.7278629232954,154.863519799239,132.097898438076,186.581823719373,6.64248435682696,173.755469299146,158.837829402391,4.30501673273558,2.8315329862313,3.5529363508439,6.7176540091942,12.3706243503986,2.63164384542953
Ionia,0.0942695538,0.153,0.1034197813,0.1,0.1411127612,0.067,0.0251931847,0.133,0.053,415.971285305374,418.925778604253,429.655410782121,84.1861470173396,,,7.439836970246,16.3510448014619,13.570324096429,Suppressed,11.4021568825508,21.7397097897126,156.722070563395,142.892955794313,176.595297324645,Suppressed,,,Suppressed,Suppressed,Suppressed,Suppressed,9.65914269653421,Suppressed
Iosco,0.1103598279,0.3,0.1507885678,0.142,0.0776097002,0.064,0.0382959344,0.207,0.074,432.495117293898,396.780751085786,475.296043705846,Suppressed,,,12.2441457922097,19.2601862292956,15.6543605374292,Suppressed,9.76555093153678,22.2500084370442,184.98484669156,153.564246494969,223.815717776916,Suppressed,,,Suppressed,Suppressed,Suppressed,Suppressed,10.4415976727435,Suppressed
Iron,0.0837761801,0.305,0.1469482728,0.14,0.0689684937,0.06,0.0164597949,0.208,0.046,407.522078398434,401.573500853395,415.668093085548,Suppressed,,,Suppressed,Suppressed,Suppressed,Suppressed,Suppressed,Suppressed,178.76870670699,153.400567021836,208.997929570349,Suppressed,,,Suppressed,Suppressed,Suppressed,Suppressed,Suppressed,Suppressed
Isabella,0.0670351553,0.133,0.2360619245,0.142,0.1573500878,0.078,0.0565894723,0.144,0.072,393.056350263511,361.354753208462,436.684054320817,54.4835738319337,,,6.5256283210311,11.32059442042,9.62295912838818,11.7543379847016,11.9355826557277,31.3586201608266,169.248085572378,150.415923055034,198.552352548333,Suppressed,,,Suppressed,Suppressed,Suppressed,Suppressed,13.4952853532838,Suppressed
Jackson,0.0878010694,0.182,0.1211414178,0.114,0.1699172669,0.057,0.0321017565,0.149,0.063,454.698352246956,410.526355893002,512.116760721839,78.6964366366168,585.585496722157,450.9193365234,7.25376015590757,28.6162141249267,15.5043753112163,10.8573467803756,14.5200443067299,29.6925473919578,180.886611385062,152.808347787863,218.449939402305,Suppressed,277.291014759296,178.411050239904,4.74264108999697,2.85591205389568,4.53980911323618,8.64319699437627,12.9949488503097,3.89878401060929
Kalamazoo,0.0581027553,0.155,0.1336246641,0.111,0.2414755992,0.049,0.0728082486,0.124,0.064,437.104325029688,421.273429913563,464.429045607845,80.5909989829344,451.467473220011,441.402466334533,6.21773602868973,24.668490797536,13.3012754379602,10.0993753183727,13.5907090392997,28.1103134233901,151.544278192485,136.625980335231,175.191975826965,9.86121894142101,185.903364092111,150.036164292962,3.41556832108826,2.2182479753599,3.04209520602545,8.54515264807857,11.7116661015371,2.53403504904924
Kalkaska,0.1248247827,0.205,0.1471581317,0.142,0.0762239322,0.073,0.0243114687,0.186,0.046,487.007528927527,416.885902665875,564.986088685911,94.2401211379174,,,Suppressed,21.1300331077,Suppressed,Suppressed,Suppressed,38.2245708720382,213.726373898018,172.270282153244,260.851254443122,0,,,Suppressed,Suppressed,Suppressed,Suppressed,Suppressed,Suppressed
Kent,0.0825335204,0.142,0.107318567,0.094,0.2814773908,0.05,0.1239551558,0.107,0.045,416.002215429526,393.057469606184,451.635614816009,77.7033858266277,445.521127301909,414.224178799896,9.21488368653502,20.5584410493368,10.8800040348192,6.92686217804374,12.7774227469267,26.9421656296405,148.681222651324,122.984958488398,183.449488793821,8.15992748424318,194.332171135965,147.685328607049,6.21306745341279,2.44845016186019,2.50944199820268,4.50276563340043,11.4836325469807,3.70537436663538
Keweenaw,0.0208450704,0.359,0.0782149712,0.1,0.0416666667,0.075,0.0151663405,0.132,0.047,240.045772027886,257.355546406312,231.814700646627,Suppressed,,,0,Suppressed,Suppressed,Suppressed,0,Suppressed,150.39797361156,122.814744597437,188.267015866806,Suppressed,,,Suppressed,0,Suppressed,Suppressed,Suppressed,Suppressed
Lake,0.1833141982,0.278,0.2029686458,0.171,0.1901505902,0.07,0.0307158572,0.26,0.075,453.993173531669,434.421811677524,475.391107642365,Suppressed,,,Suppressed,Suppressed,Suppressed,Suppressed,Suppressed,Suppressed,187.958922386496,157.919102513374,219.918947963147,0,,,Suppressed,Suppressed,Suppressed,Suppressed,Suppressed,Suppressed
Lapeer,0.0902372508,0.189,0.1016340621,0.106,0.0962260534,0.064,0.046777055,0.144,0.053,454.719162194269,416.683160296275,505.387336336406,78.7534803837998,,,6.63423846914741,23.4851562632867,12.376730987736,8.13595358951604,13.0583509677253,28.4120380421233,166.099282921387,149.396229404351,189.314458405175,Suppressed,,,3.22957095992588,Suppressed,Suppressed,Suppressed,12.8951751028555,Suppressed
Leelanau,0.0440321387,0.324,0.0667627065,0.086,0.1042539909,0.047,0.0385504299,0.139,0.032,458.958676975003,416.249923239166,508.902611015338,116.245961961909,,,Suppressed,41.7957559025495,12.0798118364135,Suppressed,11.6612183293801,20.0291383284331,118.496894506321,102.311483971421,139.25875634215,Suppressed,,,Suppressed,Suppressed,Suppressed,Suppressed,11.7696533087665,Suppressed
Lenawee,0.0940928484,0.195,0.110796599,0.108,0.1450590855,0.055,0.049810952,0.141,0.056,395.594432965684,369.280045007257,435.983883376847,49.6643501553786,,,6.80902070055137,23.6110439928791,10.6176689356336,6.96191085056109,12.1515937583417,28.366488042592,157.862271161306,128.366867991005,196.93707295853,Suppressed,,,5.09970228223758,Suppressed,Suppressed,6.00577917360108,12.3196379701471,Suppressed
Livingston,0.0470693524,0.183,0.0485716954,0.076,0.0674053793,0.033,0.0324268179,0.109,0.04,422.264994089046,402.592401416163,451.608387007852,74.0433357092929,,,6.75072059718636,24.6259820980252,12.9487227317426,10.1620892124089,13.6587043713718,19.9159711772115,150.969122207111,130.268819006347,179.158052519077,9.0655615648231,,,4.171050532815,2.287644289396,2.70435664090427,6.28559090702535,12.3745921025506,4.19395165059812
Luce,0.0887078525,0.258,0.1826857532,0.148,0.1953325983,0.026,0.0367078825,0.245,0.083,410.190783601337,470.152021598841,384.355715005264,Suppressed,,,Suppressed,Suppressed,Suppressed,Suppressed,Suppressed,Suppressed,174.601863101302,185.44604414398,174.09114146127,Suppressed,,,Suppressed,0,0,Suppressed,Suppressed,0
Mackinac,0.0820367751,0.288,0.158112039,0.154,0.2812874666,0.112,0.0641726619,0.19,0.101,372.015400015595,325.063922130228,427.802398625374,Suppressed,,,Suppressed,Suppressed,Suppressed,Suppressed,Suppressed,Suppressed,164.062839934043,124.839737505544,210.624748223918,Suppressed,,,Suppressed,Suppressed,Suppressed,Suppressed,Suppressed,Suppressed
Macomb,0.0952840776,0.175,0.0981591567,0.105,0.2373889098,0.051,0.1479998413,0.14,0.057,461.055175114711,436.284576611018,500.701887762926,79.2749062239542,463.082690762855,461.074967547128,7.30718557135308,19.8595453536766,12.250798065864,10.0973451745162,15.3698974669372,29.3662671288004,165.469321744816,147.362380566444,192.013563460997,7.88265541141413,207.744582210872,164.700802861091,4.46785441005721,1.68724179207386,2.35518987835448,7.6802556231102,13.5448853478841,3.5265518327151
Manistee,0.1114208806,0.266,0.1125458919,0.122,0.1223162264,0.045,0.0425143237,0.189,0.066,437.994085114232,412.959770556936,472.133518161554,83.0534824971515,,,Suppressed,32.7666214864637,11.862295038656,Suppressed,13.0448464077475,28.344240946474,176.774333033406,146.383370817461,210.980121825402,Suppressed,,,Suppressed,Suppressed,Suppressed,Suppressed,13.3118238915599,Suppressed
Marquette,0.0534717264,0.197,0.1356505984,0.122,0.0856936242,0.041,0.0278487803,0.146,0.056,388.485731281966,364.788973904471,418.636870387907,63.9226693039785,,,Suppressed,15.8363746601828,11.7560294760869,Suppressed,9.73876567237758,21.3478064039619,151.30486710063,129.660662631788,177.529458761775,Suppressed,,,4.72257180451587,Suppressed,Suppressed,Suppressed,9.49471552605615,Suppressed
Mason,0.0710855771,0.249,0.1368019424,0.134,0.0978819659,0.066,0.0257084218,0.165,0.048,397.925604414402,387.791177494035,413.862317522231,69.3534415143146,,,Suppressed,22.4192344445827,11.1579678391847,Suppressed,10.9640052569515,34.3846309375739,167.592782169726,134.898748365297,211.318157240054,Suppressed,,,Suppressed,Suppressed,Suppressed,Suppressed,9.49931747510006,0
Mecosta,0.0772730086,0.197,0.1796781804,0.137,0.0975129585,0.078,0.0458045358,0.175,0.055,455.859046451125,425.314130804183,498.442999999094,86.0446858777096,,,7.49639177978247,18.5641068346225,8.43588548416652,Suppressed,13.7198348730132,32.3106733608185,190.282259512225,163.084598530163,228.113320769328,Suppressed,,,Suppressed,Suppressed,Suppressed,Suppressed,12.584334672151,Suppressed
Menominee,0.0886476942,0.255,0.1075418994,0.112,0.0785644177,0.05,0.0246946599,0.164,0.045,388.663436746555,360.783669617451,423.802247334085,75.2079910378758,,,Suppressed,14.6090167078333,13.0330004215992,Suppressed,10.1403040380746,25.5842822177406,161.304111721682,132.719039397883,197.813134789277,Suppressed,,,Suppressed,Suppressed,Suppressed,Suppressed,Suppressed,Suppressed
Midland,0.0556179434,0.195,0.1014653263,0.108,0.0985832844,0.039,0.036185584,0.138,0.05,463.344280261952,445.042743811526,491.468509425527,91.257221588341,,,6.86390748434529,29.7069655472488,11.4713281503113,7.70414791300984,17.7436617755501,27.023722991282,150.548441689145,136.914846591226,168.790173703651,Suppressed,,,Suppressed,Suppressed,Suppressed,Suppressed,15.8685026939437,Suppressed
Missaukee,0.1071398106,0.209,0.1120395748,0.122,0.0791967659,0.091,0.0361860596,0.181,0.069,450.70585872633,421.568798076113,480.904883555128,Suppressed,,,Suppressed,33.4555413447037,18.6289352874628,Suppressed,Suppressed,Suppressed,156.782561829903,130.979503327161,187.398818221972,Suppressed,,,Suppressed,Suppressed,Suppressed,Suppressed,Suppressed,Suppressed
Monroe,0.0876690585,0.189,0.1090500428,0.113,0.1011025494,0.036,0.0346348636,0.148,0.057,390.035352226732,358.857889059759,433.453277920403,67.8644733658679,,,6.48956547629762,19.3731984349641,11.2495575733479,6.52395013875986,11.5568033752705,19.3548745626998,165.318574353447,137.044230139888,204.451968677569,Suppressed,,,4.14553159298014,2.5205460878548,2.86683925787788,Suppressed,11.1220633274728,Suppressed
Montcalm,0.1213493793,0.174,0.1229545277,0.121,0.1141238547,0.084,0.0363320707,0.165,0.042,437.786813364015,409.742346932174,478.540903769062,89.0713686474393,,,6.65893427195887,15.3377825436644,14.7160589403967,Suppressed,11.5467657203508,28.0974991365763,168.840592215708,137.962235017068,207.11790650397,Suppressed,,,5.92625696100399,Suppressed,Suppressed,Suppressed,11.5279011396066,Suppressed
Montmorency,0.1235855054,0.319,0.185286701,0.167,0.053233992,0.065,0.0112082493,0.24,0.062,456.758979176512,438.478343282683,477.902286161025,Suppressed,,,Suppressed,Suppressed,Suppressed,Suppressed,Suppressed,Suppressed,214.105205157415,215.51243473797,214.052820737645,0,,,Suppressed,Suppressed,Suppressed,Suppressed,Suppressed,Suppressed
Muskegon,0.0872693632,0.176,0.1292081192,0.118,0.2471937572,0.049,0.0347079307,0.143,0.075,365.586677631525,333.223305863561,410.044958425994,55.4574165515113,350.117044323027,366.053122350154,6.14427501720454,18.1340805911554,11.3279200711754,9.9025047760401,13.1819967479256,28.2365088980115,176.51774784331,148.362442622853,214.304112953344,12.2674793919781,181.442593894603,176.436033080513,6.20555176093543,3.06161264985662,3.48706307385302,4.21098666570083,14.1108792938846,Suppressed
Newaygo,0.1126738913,0.198,0.1521888377,0.131,0.1129064432,0.075,0.0488664668,0.186,0.047,449.688880782558,455.589797576468,448.678798363628,84.0015801592956,,,8.46680979012553,26.3575565112251,17.0822901448775,Suppressed,12.171620202392,38.0512580224852,165.458837933314,142.71563771324,192.386054767742,Suppressed,,,Suppressed,Suppressed,Suppressed,Suppressed,12.6525000725761,Suppressed
Oakland,0.0570632431,0.175,0.0769979162,0.086,0.3010719473,0.041,0.1570176399,0.114,0.048,445.412937166629,415.749525875549,489.888399903059,77.2262804385304,422.321629281526,453.988978662739,6.13771382451681,24.0562351181684,11.5117531463561,11.1115198177632,13.8835180381924,26.6568890208045,139.587159279475,123.831708920024,162.527229720294,6.57753484280215,156.712888458822,141.268709314989,3.90452576849841,1.91677626605289,2.10207632207283,7.4265353578464,11.7672030611805,3.49577766125756
Oceana,0.1100622904,0.213,0.1392771451,0.124,0.1946306212,0.089,0.1171551418,0.169,0.05,351.862527962057,330.543087119108,378.270661495966,71.8684267545262,,,Suppressed,15.3997743919916,Suppressed,Suppressed,10.7475653364644,33.5814071707533,153.842714453811,123.013563271422,189.000332791766,Suppressed,,,Suppressed,Suppressed,Suppressed,Suppressed,13.4256290473009,Suppressed
Ogemaw,0.1275809479,0.265,0.1706910908,0.16,0.0630643612,0.05,0.0205086961,0.224,0.071,491.861606156425,437.566097575915,553.147475464485,93.2007038743297,,,Suppressed,20.3693069946745,Suppressed,Suppressed,22.3694854487522,24.3955721846733,190.677980268119,153.91181420517,231.662622641468,Suppressed,,,Suppressed,Suppressed,Suppressed,Suppressed,17.6017305292048,Suppressed
Ontonagon,0.0725028924,0.371,0.1368257798,0.137,0.061241897,0.04,0.0189141856,0.201,0.063,332.500507856027,337.023350346,324.399601050008,Suppressed,,,Suppressed,Suppressed,Suppressed,Suppressed,Suppressed,Suppressed,163.072525992732,161.202533902992,171.825198740333,0,,,Suppressed,Suppressed,Suppressed,0,Suppressed,0
Osceola,0.1145465748,0.213,0.1567770419,0.131,0.074841456,0.091,0.0405548156,0.196,0.077,438.728339247748,409.096649473254,477.194204800292,78.7081500183376,,,Suppressed,15.5325678654352,Suppressed,Suppressed,17.5722474608379,Suppressed,170.348116386348,135.627132826808,213.420905523417,Suppressed,,,Suppressed,Suppressed,Suppressed,Suppressed,12.3113449798057,Suppressed
Oscoda,0.1669175196,0.283,0.1389871873,0.151,0.0589303001,0.149,0.0713829651,0.23,0.089,468.054094407386,494.878616830995,442.84853014644,Suppressed,,,Suppressed,Suppressed,Suppressed,Suppressed,Suppressed,Suppressed,194.614756464551,146.115950675552,248.752465537931,Suppressed,,,Suppressed,Suppressed,Suppressed,Suppressed,Suppressed,0
Otsego,0.0715001503,0.217,0.1066575541,0.127,0.0603465366,0.075,0.0163311336,0.167,0.048,411.58673481581,392.643230132061,434.653488538948,84.5901035781386,,,Suppressed,21.2823221008156,12.4849747364247,Suppressed,Suppressed,39.2547952619302,161.633096007948,145.463843046994,182.303105577791,Suppressed,,,Suppressed,Suppressed,Suppressed,Suppressed,13.233020867852,Suppressed
Ottawa,0.062566376,0.157,0.0755556952,0.077,0.1743719255,0.034,0.0781620475,0.101,0.038,392.015235282575,381.29849386617,410.427605019404,74.2613041443451,,,5.68653892609251,28.5069787411582,8.98852160077422,9.21633818463416,12.8114556998502,27.1985438842112,137.196704511877,119.220391824083,161.373159968685,9.50605901977831,,,4.51996454754543,3.14875333268532,1.88056353253056,4.62627598153534,11.0685675062172,2.73875598830299
Presque Isle,0.0845721537,0.323,0.1270368368,0.137,0.0517465413,0.06,0.0433325353,0.185,0.064,427.402680193125,398.299330905536,455.826763602377,Suppressed,,,Suppressed,15.684892526143,Suppressed,Suppressed,Suppressed,31.6961446402368,152.995641017399,121.584531997971,184.536458336215,Suppressed,,,Suppressed,Suppressed,Suppressed,Suppressed,Suppressed,Suppressed
Roscommon,0.0996920326,0.331,0.1617039587,0.171,0.0727627781,0.054,0.0197718966,0.24,0.057,491.013830992716,452.106370376843,531.097183618761,103.157047635655,,,8.57061132062143,20.126402363593,14.4723998859512,Suppressed,12.9357923722463,17.1300088057292,191.568537416782,161.779685860153,223.104668811443,Suppressed,,,Suppressed,Suppressed,Suppressed,Suppressed,14.3345776280357,Suppressed
Saginaw,0.0976894417,0.196,0.1821372791,0.136,0.3171356172,0.045,0.0433418208,0.177,0.066,474.490365525114,436.535880299205,529.628909038176,72.0065550152485,507.03491032663,466.368677611341,8.80367758114173,16.6286151582314,10.8890119039134,11.6186168841095,15.0734179201957,32.6469099724186,158.114196224805,132.187561807056,193.431687392241,9.14257283514001,188.873408165012,152.720848593406,4.8172515583583,1.78969974481681,3.28681403941475,5.77571060267828,11.9431248160192,Suppressed
Sanilac,0.1058033215,0.223,0.1495206076,0.136,0.0700704139,0.075,0.048930295,0.179,0.065,459.217688356076,423.069590566812,505.51225243103,100.087866397027,,,Suppressed,20.8632845514321,9.83372400081597,Suppressed,14.0129308201359,22.4149813339702,174.84830159764,147.09500837977,209.094540844138,Suppressed,,,Suppressed,Suppressed,Suppressed,Suppressed,13.224351882577,Suppressed
Schoolcraft,0.1170995346,0.275,0.1600201283,0.148,0.1523195237,0.069,0.0250129601,0.211,0.079,377.456530023133,347.812403945511,416.297457841138,Suppressed,,,Suppressed,Suppressed,Suppressed,Suppressed,Suppressed,Suppressed,185.937554206383,139.202900985626,238.292424954746,Suppressed,,,Suppressed,Suppressed,Suppressed,Suppressed,Suppressed,Suppressed
Shiawassee,0.082165109,0.191,0.1100947451,0.119,0.0671569491,0.048,0.0219700254,0.156,0.041,429.552618767372,415.858416274346,452.867743629958,73.7976153770612,,,5.45109647060026,15.7997550838237,15.1045287724298,9.45046944962564,11.1259987216496,24.1949179787173,161.352170839427,149.033814840411,180.775271162812,Suppressed,,,Suppressed,Suppressed,Suppressed,Suppressed,11.0245042226144,Suppressed
St. Clair,0.088267165,0.194,0.1185005053,0.12,0.0968070038,0.047,0.0239939096,0.167,0.067,470.943268966269,442.310073636364,509.999674183649,79.7335159709644,,,5.5806815583687,23.4366068916227,13.3336959881614,11.1479167984389,14.1518162935519,24.7044728039396,171.957275060209,152.432252133469,198.405126945451,10.5932291768421,,,2.46359534865702,2.23149573697421,2.47063207278268,6.33323754196353,14.0705738240941,Suppressed
St. Joseph,0.1409541579,0.182,0.1286975091,0.119,0.1476669897,0.091,0.1169142897,0.168,0.053,401.072896157365,400.532330273085,410.057291968133,81.1222547789279,,,6.44204611929813,22.4932953262978,11.4757621003397,Suppressed,11.5657422870922,20.8354014983416,159.9786475023,141.863505589438,185.468962992187,Suppressed,,,Suppressed,Suppressed,Suppressed,Suppressed,10.0501100868214,Suppressed
Tuscola,0.0912261683,0.21,0.1229932233,0.131,0.0804051261,0.051,0.0278327267,0.193,0.061,438.237979207678,415.494224720181,470.023528807269,92.9513276490786,,,5.98329093446801,19.4759810177222,11.3519185785042,Suppressed,15.7541244253783,40.6558113520072,166.040468500416,150.619241816302,187.887293558284,Suppressed,,,Suppressed,Suppressed,Suppressed,Suppressed,12.6927123921607,Suppressed
Van Buren,0.1209669106,0.189,0.141537927,0.117,0.2018615474,0.075,0.0967995398,0.134,0.047,446.726041874281,433.326181018585,466.889287217707,75.5990227850559,,,7.84334135009737,16.6800847461813,14.5547913544759,9.15643764025535,12.8831204305799,34.1722350075277,169.388937808412,143.524586281855,201.438209790382,Suppressed,,,3.57727367169535,Suppressed,3.82267020089257,7.75450499277526,11.6904575172332,Suppressed
Washtenaw,0.0441521965,0.148,0.1378694918,0.096,0.3138175896,0.035,0.150638592,0.101,0.047,429.029488581592,403.592212688683,466.199865419257,68.6863158058606,466.451224520651,436.612874860913,6.10596723312285,22.0341431728332,11.3292762798641,10.0319233236251,14.2834021160034,31.1864463200626,137.737533940286,125.556462304502,155.654946693122,6.99669388624742,183.615517627875,138.418142986003,3.52613702071184,1.8724661267668,1.70766084221998,6.26553668177814,12.8961813701279,5.12074757530426
Wayne,0.1250282785,0.158,0.2019055973,0.138,0.5134440665,0.058,0.1532452255,0.154,0.09,460.173063396053,424.683917709025,510.628121435512,73.6338938211062,453.59372189704,465.803141546116,9.12367648710425,13.4407052315761,11.6378251917989,9.27150078706353,15.7036684304575,29.4257591128912,166.837816774292,148.809547952382,193.585426948339,10.8292900718608,184.831061622177,161.585600094377,5.04553657124379,1.1768542067299,2.66561747517558,6.12362889256574,13.2230217602065,3.99748023191077
Wexford,0.1122335318,0.2,0.133010701,0.126,0.0796659361,0.068,0.0260618064,0.177,0.063,471.564526675758,439.420129978622,509.494169360025,99.3872071931897,,,Suppressed,23.3659294694009,17.5680451874143,Suppressed,16.7387108470412,21.0906306828749,163.119751561926,138.090185707744,191.149223290522,Suppressed,,,Suppressed,Suppressed,Suppressed,Suppressed,13.7105944868884,Suppressed
